{"_wandb":{"runtime":126},"train/bpp_z":0.17275400459766388,"train/bpp_y":10.49235725402832,"global_step":0,"_timestamp":1.7512242923838599e+09,"train/bpp_total":10.665111541748047,"train/MSE":5600.182284414768,"_step":1,"train/images":{"height":256,"caption":"Original and Compressed Image","_type":"image-file","sha256":"34e7d2d549a67a5ad5c605089d88eec9286dff80f5cdf08f6576846db78ad0bf","size":113766,"path":"media/images/train/images_1_34e7d2d549a67a5ad5c6.png","format":"png","width":512},"train/loss":96.78863525390625,"_runtime":13.2574251}