{"_step":1,"train/loss":77.28911590576172,"train/bpp_z":0.1728869378566742,"_timestamp":1.7512224636956844e+09,"global_step":0,"train/images":{"sha256":"8f7c0630aff83afe1438e3b7bc3ffa7f117b0e534985cd9023ec836e449d188c","size":99165,"path":"media/images/train/images_1_8f7c0630aff83afe1438.png","format":"png","width":512,"height":256,"caption":"Original and Compressed Image","_type":"image-file"},"_wandb":{"runtime":103},"train/MSE":4316.8387491256,"train/bpp_total":10.901748657226562,"train/bpp_y":10.728861808776855,"_runtime":6.5874058}